{"cameraMode":{"drawMode":0,"name":"Shaded","section":"Shading Mode"},"sceneLighting":true,"audioPlay":false,"sceneViewState":{"m_AlwaysRefresh":false,"showFog":true,"showSkybox":true,"showFlares":true,"showImageEffects":true,"showParticleSystems":true,"showVisualEffectGraphs":true,"m_FxEnabled":true},"in2DMode":false,"pivot":{"x":13.93734359741211,"y":-1.5211801528930665,"z":13.659175872802735},"rotation":{"x":0.03597111999988556,"y":0.7076707482337952,"z":-0.036122675985097888,"w":0.704702615737915},"size":12.941056251525879,"orthographic":true}